N,GTD,GTF,PGD,PGF
200,0.00000000002754421387,0.00396644789725542068,0.00000000002286301773,0.01506731472909450531
