N,GTD,PGD,GTF,PGF

100,0.00000000029232194870,0.00000000000518352199,0.13788677752017974854,0.00184111052658408880
