N,GTD,PGD
100,0.00000000001759763238,0.00000000003310512212
200,0.00000000002754421387,0.00000000002286301773
